Date;Field;Treatment;Soil_cond;Soil_temp;Water_temp;O2_percent;O2_mgL;Salinity;pH;Observations
2025-06-20;1;FO;1,61;25,4;;;;;;COMIENZO A LAS 8:30. Dry field
2025-06-20;1;FC;1,44;24,2;;;;;;Dry field
2025-06-20;1;BE;1,74;24,7;;;;;;Dry field
2025-06-20;1;FE;1,80;24,6;;;;;;Dry field
2025-06-20;2;FE;1,89;27,2;25,7;34,60;2,84;0,39;7,19;
2025-06-20;2;FC;1,70;26,9;25,8;50,00;4,10;0,39;7,14;
2025-06-20;2;BE;1,57;27,0;26,0;61,40;5,01;0,40;7,04;
2025-06-20;2;FO;1,78;26,9;26,0;62,10;5,05;0,40;7,08;
2025-06-20;3;FC;1,99;25,6;;;;;;Dry field
2025-06-20;3;BE;1,74;25,9;;;;;;Dry field
2025-06-20;3;FE;1,56;25,5;;;;;;Dry field
2025-06-20;3;FO;1,63;26,0;;;;;;Dry field
2025-06-20;4;FO;2,10;25,0;;;;;;Dry field
2025-06-20;4;FC;1,93;25,2;;;;;;Dry field
2025-06-20;4;BE;2,04;25,3;;;;;;Dry field
2025-06-20;4;FE;2,26;25,6;;;;;;Dry field
2025-06-20;5;FC;1,98;26,9;26,6;47,60;3,84;0,57;7,25;
2025-06-20;5;BE;2,09;26,7;26,6;49,10;3,95;0,59;7,19;
2025-06-20;5;FE;2,59;26,8;26,6;57,10;4,61;0,61;7,18;
2025-06-20;5;FO;2,38;26,7;26,7;89,00;7,12;0,61;7,35;
2025-07-03;1;FO;1,70;28,2;25,7;16,50;1,33;1,57;7,45;COMIENZO A LAS 8:45
2025-07-03;1;FC;1,95;28,0;25,8;7,20;0,57;1,77;7,34;
2025-07-03;1;BE;1,80;28,1;25,7;6,20;0,50;1,80;7,44;
2025-07-03;1;FE;2,02;28,2;25,4;7,40;0,60;1,86;7,44;
2025-07-03;2;FE;1,70;28,6;27,0;19,10;1,51;0,52;7,31;9:30H
2025-07-03;2;FC;1,81;28,5;27,2;13,70;1,08;0,52;7,35;
2025-07-03;2;BE;2,17;28,7;27,4;9,20;0,71;0,51;7,19;
2025-07-03;2;FO;1,89;28,9;27,4;19,00;1,48;0,51;7,21;
2025-07-03;3;FC;2,16;28,2;27,5;39,20;3,09;0,81;7,46;10:30H
2025-07-03;3;BE;1,97;27,7;27,0;5,40;0,41;0,91;7,55;
2025-07-03;3;FE;1,89;28,1;27,4;11,50;0,90;1,02;7,38;
2025-07-03;3;FO;2,30;27,9;27,3;19,80;1,55;0,83;7,43;
2025-07-03;4;FO;2,19;29,4;;;;;;12:20H. Dry field
2025-07-03;4;FC;2,03;28,6;;;;;;Dry field
2025-07-03;4;BE;2,08;28,6;;;;;;Dry field
2025-07-03;4;FE;2,26;29,1;;;;;;Dry field
2025-07-03;5;FC;2,07;28,4;32,9;91,80;6,55;0,72;7,82;13:05H
2025-07-03;5;BE;2,38;27,3;32,3;32,60;2,39;0,99;7,45;
2025-07-03;5;FE;2,30;28,0;34,6;75,90;5,29;1,09;7,72;
2025-07-03;5;FO;2,27;28,2;35,0;84,10;5,80;1,26;7,68;
2025-07-16;1;FO;1,80;27,4;26,5;8,10;0,64;0,85;6,82;
2025-07-16;1;FC;1,71;27,5;26,3;3,80;0,30;0,94;6,76;
2025-07-16;1;BE;1,86;27,5;26,5;4,40;0,34;1,06;6,74;
2025-07-16;1;FE;2,12;27,7;26,8;4,50;0,35;1,09;6,78;
2025-07-16;2;FE;2,18;26,8;26,7;25,60;2,05;0,45;6,77;
2025-07-16;2;FC;1,83;26,8;26,7;12,00;0,95;0,45;6,72;
2025-07-16;2;BE;1,79;26,9;26,8;6,40;0,50;0,44;6,73;
2025-07-16;2;FO;1,71;26,9;28,8;13,30;1,08;0,44;6,75;
2025-07-16;3;FC;2,26;26,5;26,6;10,30;0,82;0,50;6,61;
2025-07-16;3;BE;2,16;26,6;26,5;9,60;0,72;0,47;6,57;
2025-07-16;3;FE;2,07;26,6;26,4;14,40;1,16;0,46;6,57;
2025-07-16;3;FO;2,06;26,6;26,5;5,90;0,47;0,46;6,54;
2025-07-16;4;FO;1,86;28,0;28,2;22,20;1,73;0,52;6,88;
2025-07-16;4;FC;2,53;28,1;28,4;33,10;2,56;0,54;6,90;
2025-07-16;4;BE;2,33;28,0;28,3;17,30;1,34;0,60;6,87;
2025-07-16;4;FE;4,42;28,0;28,4;39,50;3,06;0,55;7,01;
2025-07-16;5;FC;1,98;26,9;27,8;25,10;1,97;0,47;6,80;
2025-07-16;5;BE;1,89;26,7;27,8;25,20;1,98;0,47;6,79;
2025-07-16;5;FE;2,15;27,0;28,1;27,30;2,13;0,47;6,81;
2025-07-16;5;FO;2,43;26,9;28,1;28,80;2,24;0,47;6,78;
2025-08-06;1;FO;1,53;25,2;24,6;17,80;1,47;0,98;7,25;8:00H
2025-08-06;1;FC;1,82;25,2;24,6;28,00;2,34;0,72;7,25;
2025-08-06;1;BE;2,27;25,3;24,7;6,30;0,52;0,88;7,22;
2025-08-06;1;FE;1,59;25,4;24,7;3,30;0,26;0,99;7,17;
2025-08-06;2;FE;1,71;25,2;25,3;24,60;2,02;0,49;6,93;9:00H
2025-08-06;2;FC;1,74;24,8;25,2;16,80;1,38;0,48;7,01;
2025-08-06;2;BE;1,77;25,1;25,3;13,90;1,12;0,48;6,96;
2025-08-06;2;FO;1,72;24,9;25,3;10,80;0,89;0,49;6,95;
2025-08-06;3;FC;2,07;24,9;25,2;9,40;0,77;0,51;6,89;10:30H
2025-08-06;3;BE;2,06;24,7;25,2;12,90;1,06;0,49;6,92;
2025-08-06;3;FE;2,05;24,7;25,1;14,60;1,21;0,52;6,91;
2025-08-06;3;FO;2,45;24,7;25,1;6,40;0,52;0,52;6,90;
2025-08-06;4;FO;1,80;25,7;27,8;50,30;3,94;0,52;7,37;11:40H
2025-08-06;4;FC;2,02;25,5;27,4;63,50;5,00;0,51;7,41;
2025-08-06;4;BE;2,11;25,5;27,2;55,00;4,37;0,29;7,21;
2025-08-06;4;FE;2,29;25,5;27,6;66,20;5,20;0,55;7,48;
2025-08-06;5;FC;2,34;24,9;26,2;32,80;2,64;0,53;7,10;12:30H
2025-08-06;5;BE;2,16;25,0;26,5;8,90;0,70;0,54;7,07;
2025-08-06;5;FE;1,91;25,1;26,7;38,70;3,09;0,55;7,13;
2025-08-06;5;FO;1,88;25,1;26,9;39,70;3,15;0,56;7,12;
2025-08-21;1;FO;1,99;24,1;21,7;16,10;1,41;0,77;7,47;11:00H
2025-08-21;1;FC;1,70;23,1;21,6;6,20;0,55;0,74;7,40;
2025-08-21;1;BE;1,62;24,0;21,2;9,70;0,86;0,76;7,43;
2025-08-21;1;FE;1,85;24,4;21,4;20,60;1,81;0,79;7,42;
2025-08-21;2;FE;2,37;23,8;21,8;11,70;1,02;0,62;7,39;11:30H
2025-08-21;2;FC;1,63;23,8;21,9;7,80;0,68;0,61;7,31;
2025-08-21;2;BE;1,70;23,7;21,9;16,70;1,46;0,62;7,36;
2025-08-21;2;FO;1,82;24,1;22,0;23,10;2,01;0,66;7,49;
2025-08-21;3;FC;1,72;24,4;22,4;11,30;0,98;0,66;7,54;12:00H
2025-08-21;3;BE;1,65;24,0;22,5;15,10;1,30;0,68;7,48;
2025-08-21;3;FE;1,87;24,2;22,4;9,60;0,83;0,68;7,43;
2025-08-21;3;FO;1,88;24,2;22,7;9,60;0,82;0,68;7,42;
2025-08-21;4;FO;1,98;24,5;24,4;87,10;7,25;0,64;7,66;12:30H
2025-08-21;4;FC;1,76;24,3;24,9;75,50;6,23;0,65;7,75;
2025-08-21;4;BE;1,83;24,5;25,0;92,90;7,65;0,65;7,89;
2025-08-21;4;FE;1,97;24,6;25,0;76,10;6,27;0,64;7,80;
2025-08-21;5;FC;1,99;23,9;23,5;28,60;2,42;0,80;7,54;13:00H
2025-08-21;5;BE;1,58;23,9;23,7;37,70;3,18;0,79;7,49;
2025-08-21;5;FE;1,97;24,0;23,9;24,40;2,05;0,79;7,49;
2025-08-21;5;FO;1,92;24,2;23,7;43,60;3,67;0,79;7,54;
